id,name,popdensity5km,logpopdensity,logurbdisc,region,2019party
E14001063,Aldershot,1438.07011182681,10.4899182994651,10,SE,Con
E14001064,Aldridge-Brownhills,1978.9044095789,10.9504862097523,10,WM,Con
E14001065,Altrincham and Sale West,2280.59156790463,11.1551923815887,11,NW,Con
E14001066,Amber Valley,861.665285950594,9.75098375273589,9,EM,Con
E14001067,Arundel and South Downs,206.997328074372,7.69346833528323,7,SE,Con
E14001068,Ashfield,1173.4403248144,10.1965287602825,10,EM,Con
E14001069,Ashford,641.875442215789,9.32614955514099,9,SE,Con
E14001070,Ashton-under-Lyne,3333.21967979689,11.7027006877717,11,NW,Lab
E14001071,Aylesbury,723.89060143435,9.49962787507555,9,SE,Con
E14001072,Banbury,320.160811593488,8.32265291930373,8,SE,Con
E14001073,Barking,6593.92618084613,12.6869220207569,12,LO,Lab
E14001074,Barnsley North,1126.60398161838,10.1377647601015,10,YH,Lab
E14001075,Barnsley South,1108.41043324241,10.1142764804535,10,YH,Lab
E14001076,Barrow and Furness,359.957060539253,8.49168100676893,8,NW,Con
E14001077,Basildon and Billericay,1218.82357487003,10.2512735951315,10,EE,Con
E14001078,Basingstoke,995.769544208383,9.95966808076469,9,SE,Con
E14001079,Bassetlaw,384.71976560221,8.58766414211202,8,EM,Con
E14001080,Bath,997.755861009186,9.96254303820338,9,SW,LD
E14001081,Battersea,11462.5812524557,13.4846443399433,13,LO,Lab
E14001082,Beaconsfield,1167.798042407,10.1895750825012,10,SE,Con
E14001083,Beckenham and Penge,5937.06252837997,12.5355335921275,12,LO,Lab
E14001084,Bedford,1196.82188084223,10.2249927412486,10,EE,Lab
E14001085,Bermondsey and Old Southwark,12255.2272917535,13.5811096209672,13,LO,Lab
E14001086,Bethnal Green and Stepney,12679.135602361,13.6301687729215,13,LO,Lab
E14001087,Beverley and Holderness,279.478285329713,8.12659238388383,8,YH,Con
E14001088,Bexhill and Battle,385.244018092743,8.58962874512624,8,SE,Con
E14001089,Bexleyheath and Crayford,3669.31299107972,11.841294255866,11,LO,Con
E14001090,Bicester and Woodstock,351.658463550162,8.45803112960268,8,SE,Con
E14001091,Birkenhead,2482.76548509638,11.2777322797785,11,NW,Lab
E14001092,Birmingham Edgbaston,4219.18645828836,12.0427491305753,12,WM,Lab
E14001093,Birmingham Erdington,3801.77180111355,11.8924562224133,11,WM,Lab
E14001094,Birmingham Hall Green and Moseley,4738.26581148576,12.210143419111,12,WM,Lab
E14001095,Birmingham Hodge Hill and Solihull North,3740.82231649448,11.8691397263059,11,WM,Lab
E14001096,Birmingham Ladywood,5197.5567623275,12.3436178934516,12,WM,Lab
E14001097,Birmingham Northfield,2593.86228615886,11.3408861704392,11,WM,Con
E14001098,Birmingham Perry Barr,4501.3299590214,12.1361356065054,12,WM,Lab
E14001099,Birmingham Selly Oak,3839.7057257513,11.9067800319972,11,WM,Lab
E14001100,Birmingham Yardley,4471.61512795302,12.1265803053816,12,WM,Lab
E14001101,Bishop Auckland,228.163828768831,7.83392628643187,7,NE,Con
E14001102,Blackburn,1470.75067966968,10.5223369876179,10,NW,Lab
E14001103,Blackley and Middleton South,3775.0336885125,11.8822738038105,11,NW,Lab
E14001104,Blackpool North and Fleetwood,1070.27306447707,10.0637632107348,10,NW,Con
E14001105,Blackpool South,1495.20003818639,10.5461227957032,10,NW,Con
E14001106,Blaydon and Consett,698.136134363047,9.44736457466308,9,NE,Lab
E14001107,Blyth and Ashington,784.282589252226,9.61522976331855,9,NE,Lab
E14001108,Bognor Regis and Littlehampton,744.925193530935,9.54095174509361,9,SE,Con
E14001109,Bolsover,609.770530663551,9.25212261842201,9,EM,Con
E14001110,Bolton North East,2216.084436955,11.1137971364713,11,NW,Con
E14001111,Bolton South and Walkden,2662.26444485181,11.3784381670793,11,NW,Lab
E14001112,Bolton West,1778.0496918427,10.7960799289497,10,NW,Con
E14001113,Bootle,2565.75277875362,11.325166451953,11,NW,Lab
E14001114,Boston and Skegness,248.526479091565,7.95725576075324,7,EM,Con
E14001115,Bournemouth East,2071.70742145687,11.0166045563074,11,SW,Con
E14001116,Bournemouth West,2410.77106717923,11.2352789401953,11,SW,Con
E14001117,Bracknell,1297.09185114948,10.3410649296379,10,SE,Con
E14001118,Bradford East,3208.01353589427,11.6474645137761,11,YH,Lab
E14001119,Bradford South,2750.45874466649,11.4254565481938,11,YH,Lab
E14001120,Bradford West,3102.98816439713,11.5994424787256,11,YH,Lab
E14001121,Braintree,385.501725094459,8.59059350589338,8,EE,Con
E14001122,Brent East,8677.18116673372,13.0830107354826,13,LO,Lab
E14001123,Brent West,7170.62367351096,12.8078828891612,12,LO,Lab
E14001124,Brentford and Isleworth,5677.58845954121,12.4710625636475,12,LO,Lab
E14001125,Brentwood and Ongar,663.065192930366,9.37300691364727,9,EE,Con
E14001126,Bridgwater,390.976432133493,8.61093783498279,8,SW,Con
E14001127,Bridlington and The Wolds,186.193238535394,7.54065687325912,7,YH,Con
E14001128,Brigg and Immingham,379.299359617877,8.567193125665,8,YH,Con
E14001129,Brighton Kemptown and Peacehaven,1477.75181480674,10.529188277006,10,SE,Lab
E14001130,Brighton Pavilion,2591.8770170775,11.3397815495429,11,SE,Green
E14001131,Bristol Central,3925.0862181964,11.9385086291627,11,SW,Lab
E14001132,Bristol East,3724.74298488468,11.8629251646732,11,SW,Lab
E14001133,Bristol North East,3363.48514033172,11.7157411691084,11,SW,Lab
E14001134,Bristol North West,2658.07010800583,11.3761634416232,11,SW,Lab
E14001135,Bristol South,2729.57803276811,11.4144622258858,11,SW,Lab
E14001136,Broadland and Fakenham,223.390585412176,7.80342457584049,7,EE,Con
E14001137,Bromley and Biggin Hill,3196.31491703881,11.64219384151,11,LO,Con
E14001138,Bromsgrove,944.069156474782,9.88274873585422,9,WM,Con
E14001139,Broxbourne,1350.31203181006,10.3990771102555,10,EE,Con
E14001140,Broxtowe,1915.62178535959,10.9035970324543,10,EM,Con
E14001141,Buckingham and Bletchley,621.761983930811,9.28021859919871,9,SE,Con
E14001142,Burnley,1103.67713593006,10.1081024798611,10,NW,Con
E14001143,Burton and Uttoxeter,607.591399758008,9.24695763891972,9,WM,Con
E14001144,Bury North,1698.43761232168,10.7299925102109,10,NW,Con
E14001145,Bury South,2959.56300056562,11.5311684525906,11,NW,Con
E14001146,Bury St Edmunds and Stowmarket,321.50120740078,8.32868034539279,8,EE,Con
E14001147,Calder Valley,928.559228863431,9.85885012628143,9,YH,Con
E14001148,Camborne and Redruth,348.625911708325,8.44553599189417,8,SW,Con
E14001149,Cambridge,1506.25547676941,10.5567507716769,10,EE,Lab
E14001150,Cannock Chase,920.530406986137,9.84632156727992,9,WM,Con
E14001151,Canterbury,599.771512965441,9.22826919067514,9,SE,Lab
E14001152,Carlisle,468.515837672934,8.87195400723444,8,NW,Con
E14001153,Carshalton and Wallington,5240.61486413542,12.3555203730277,12,LO,Con
E14001154,Castle Point,1427.8301353063,10.4796086411104,10,EE,Con
E14001155,Central Devon,110.17517269086,6.7836553477021,6,SW,Con
E14001156,Central Suffolk and North Ipswich,458.367792221819,8.84036186468473,8,EE,Con
E14001157,Chatham and Aylesford,1696.99921971212,10.7287701861851,10,SE,Con
E14001158,Cheadle,2587.54842929234,11.3373701494175,11,NW,Con
E14001159,Chelmsford,1163.75219743664,10.1845681765948,10,EE,Con
E14001160,Chelsea and Fulham,11049.1759533903,13.4316511571039,13,LO,Con
E14001161,Cheltenham,1310.51636935351,10.3559196588073,10,SW,Con
E14001162,Chesham and Amersham,698.291251396913,9.44768508767896,9,SE,Con
E14001163,Chester North and Neston,864.641630741772,9.75595849052252,9,NW,Lab
E14001164,Chester South and Eddisbury,267.605069002107,8.06396163368735,8,NW,Con
E14001165,Chesterfield,1080.29550261672,10.0772102839461,10,EM,Lab
E14001166,Chichester,421.742567532502,8.72021883356087,8,SE,Con
E14001167,Chingford and Woodford Green,5742.91234428863,12.4875668262876,12,LO,Con
E14001168,Chippenham,411.793786581838,8.68577825156812,8,SW,Con
E14001169,Chipping Barnet,4036.96508041014,11.9790553922789,11,LO,Con
E14001170,Chorley,962.319527541007,9.91037219422595,9,NW,Speaker
E14001171,Christchurch,927.062396099586,9.8565226327399,9,SW,Con
E14001172,Cities of London and Westminster,12486.1375210034,13.6080396402352,13,LO,Con
E14001173,City of Durham,624.296578370401,9.28608774850268,9,NE,Lab
E14001174,Clacton,480.862288773441,8.90947997826147,8,EE,Con
E14001175,Clapham and Brixton Hill,11519.3415195079,13.4917706298634,13,LO,Lab
E14001176,Colchester,1198.98902485729,10.227602737529,10,EE,Con
E14001177,Colne Valley,1003.44525033582,9.97074618763686,9,YH,Con
E14001178,Congleton,449.970305458619,8.81368598770344,8,NW,Con
E14001179,Corby and East Northamptonshire,397.845843756597,8.63606571720224,8,EM,Con
E14001180,Coventry East,2776.97474940962,11.4392983436816,11,WM,Lab
E14001181,Coventry North West,2788.64105693992,11.4453465328688,11,WM,Lab
E14001182,Coventry South,2719.95228813639,11.4093656294198,11,WM,Lab
E14001183,Cramlington and Killingworth,1335.2994949916,10.3829476456609,10,NE,Lab
E14001184,Crawley,1190.75197645963,10.2176572280112,10,SE,Con
E14001185,Crewe and Nantwich,857.988188752918,9.74481397719083,9,NW,Con
E14001186,Croydon East,4162.78150566093,12.023332121552,12,LO,Lab
E14001187,Croydon South,3089.72260468618,11.5932616034364,11,LO,Con
E14001188,Croydon West,6639.56974872722,12.6968740410703,12,LO,Lab
E14001189,Dagenham and Rainham,4198.44975733011,12.0356410077271,12,LO,Lab
E14001190,Darlington,920.160259190128,9.84574133899202,9,NE,Con
E14001191,Dartford,1777.41589102703,10.795565576451,10,SE,Con
E14001192,Daventry,288.957755863608,8.17471478332831,8,EM,Con
E14001193,Derby North,1896.47551539586,10.8891050303807,10,EM,Con
E14001194,Derby South,1954.42725151919,10.932530169711,10,EM,Lab
E14001195,Derbyshire Dales,164.376373031381,7.3608591350225,7,EM,Con
E14001196,Dewsbury and Batley,1965.83524340366,10.9409266991764,10,YH,Lab
E14001197,Didcot and Wantage,341.541923862645,8.41591886825042,8,SE,Con
E14001198,Doncaster Central,1109.30564656434,10.1154412101518,10,YH,Lab
E14001199,Doncaster East and the Isle of Axholme,346.124079154209,8.43514550015408,8,YH,Con
E14001200,Doncaster North,772.556157895867,9.59349599757897,9,YH,Lab
E14001201,Dorking and Horley,511.101475991481,8.99746594742573,8,SE,Con
E14001202,Dover and Deal,424.972674787254,8.73122627051616,8,SE,Con
E14001203,Droitwich and Evesham,357.293635543402,8.48096640526032,8,WM,Con
E14001204,Dudley,3131.49640500294,11.6126365073738,11,WM,Con
E14001205,Dulwich and West Norwood,10501.933737571,13.3583673776069,13,LO,Lab
E14001206,Dunstable and Leighton Buzzard,971.501489819646,9.92407239799272,9,EE,Con
E14001207,Ealing Central and Acton,8465.21304305381,13.0473306613819,13,LO,Lab
E14001208,Ealing North,6326.59080368388,12.627212571745,12,LO,Lab
E14001209,Ealing Southall,6159.80620898007,12.5886692482866,12,LO,Lab
E14001210,Earley and Woodley,1839.64767602604,10.8452137766397,10,SE,Con
E14001211,Easington,610.610127364493,9.25410770754963,9,NE,Lab
E14001212,East Grinstead and Uckfield,371.86294962326,8.53862720269492,8,SE,Con
E14001213,East Ham,9203.07841777638,13.1679008061781,13,LO,Lab
E14001214,East Hampshire,298.111485474594,8.21970814953196,8,SE,Con
E14001215,East Surrey,744.933616442339,9.54096805763603,9,SE,Con
E14001216,East Thanet,1058.5242905767,10.0478386607553,10,SE,Con
E14001217,East Wiltshire,176.677781356549,7.46497681063649,7,SW,Con
E14001218,East Worthing and Shoreham,1352.99969823996,10.4019458022118,10,SE,Con
E14001219,Eastbourne,1109.5525180134,10.1157622403307,10,SE,Con
E14001220,Eastleigh,1549.50881335031,10.5975952454208,10,SE,Con
E14001221,Edmonton and Winchmore Hill,6733.35906573865,12.7171106852622,12,LO,Lab
E14001222,Ellesmere Port and Bromborough,1041.76843150865,10.024818909839,10,NW,Lab
E14001223,Eltham and Chislehurst,5539.85339070756,12.4356320812799,12,LO,Con
E14001224,Ely and East Cambridgeshire,244.733513614629,7.93506786624301,7,EE,Con
E14001225,Enfield North,3909.3319987405,11.9327063948963,11,LO,Lab
E14001226,Epping Forest,1797.57091041841,10.8118329677557,10,EE,Con
E14001227,Epsom and Ewell,2346.80075908312,11.1964796484302,11,SE,Con
E14001228,Erewash,1345.68715440947,10.3941273355896,10,EM,Con
E14001229,Erith and Thamesmead,5236.76713279348,12.3544607374857,12,LO,Lab
E14001230,Esher and Walton,2426.28599260055,11.2445338993367,11,SE,Con
E14001231,Exeter,1210.20766770642,10.2410389151896,10,SW,Lab
E14001232,Exmouth and Exeter East,528.195802746608,9.04492902709815,9,SW,Con
E14001233,Fareham and Waterlooville,1253.23048269449,10.2914360510073,10,SE,Con
E14001234,Farnham and Bordon,488.117889994424,8.93108581864882,8,SE,Con
E14001235,Faversham and Mid Kent,557.663552091235,9.12325117182453,9,SE,Con
E14001236,Feltham and Heston,4245.77711848596,12.0518129238058,12,LO,Lab
E14001237,Filton and Bradley Stoke,2107.35971633997,11.0412208810599,11,SW,Con
E14001238,Finchley and Golders Green,7535.1017149974,12.8794112713003,12,LO,Con
E14001239,Folkestone and Hythe,439.994542535704,8.78134181919397,8,SE,Con
E14001240,Forest of Dean,191.409723266787,7.58052030775163,7,SW,Con
E14001241,Frome and East Somerset,340.207552496691,8.41027135849083,8,SW,Con
E14001242,Fylde,681.453003405679,9.41247035437455,9,NW,Con
E14001243,Gainsborough,158.612097543061,7.30935900116832,7,EM,Con
E14001244,Gateshead Central and Whickham,2425.63475799244,11.2441466164467,11,NE,Lab
E14001245,Gedling,2330.305794643,11.1863035697852,11,EM,Con
E14001246,Gillingham and Rainham,1745.62792468683,10.7695303703117,10,SE,Con
E14001247,Glastonbury and Somerton,158.575521502909,7.30902627650438,7,SW,Con
E14001248,Gloucester,1268.66649877287,10.3090971546284,10,SW,Con
E14001249,Godalming and Ash,485.966031865389,8.92471166539176,8,SE,Con
E14001250,Goole and Pocklington,201.477946760902,7.65447812361545,7,YH,Con
E14001251,Gorton and Denton,4341.10282176341,12.0838458788012,12,NW,Lab
E14001252,Gosport,1677.79206645696,10.7123482142184,10,SE,Con
E14001253,Grantham and Bourne,259.210770608296,8.01798185545229,8,EM,Con
E14001254,Gravesham,1281.78037376047,10.3239333696837,10,SE,Con
E14001255,Great Grimsby and Cleethorpes,1189.82620952967,10.216535148145,10,YH,Con
E14001256,Great Yarmouth,504.203520354099,8.97786238091777,8,EE,Con
E14001257,Greenwich and Woolwich,7791.12725309131,12.927616363243,12,LO,Lab
E14001258,Guildford,954.257724623304,9.89823514973862,9,SE,Con
E14001259,Hackney North and Stoke Newington,12210.6782873072,13.575855721935,13,LO,Lab
E14001260,Hackney South and Shoreditch,12860.8795657234,13.6507016926441,13,LO,Lab
E14001261,Halesowen,2952.36080229576,11.5276533258013,11,WM,Con
E14001262,Halifax,1559.86729672644,10.6072075839431,10,YH,Lab
E14001263,Hamble Valley,1308.20892174243,10.3533772431531,10,SE,Con
E14001264,Hammersmith and Chiswick,9652.70870211883,13.236718126811,13,LO,Lab
E14001265,Hampstead and Highgate,10957.0557356522,13.4195725641419,13,LO,Lab
E14001266,"Harborough, Oadby and Wigston",1032.30592146678,10.0116548581169,10,EM,Con
E14001267,Harlow,918.876664867392,9.84372742024964,9,EE,Con
E14001268,Harpenden and Berkhamsted,642.729426681704,9.32806771591602,9,EE,Con
E14001269,Harrogate and Knaresborough,781.772061279608,9.61060421674832,9,YH,Con
E14001270,Harrow East,5345.21807799652,12.3840330939036,12,LO,Con
E14001271,Harrow West,5583.97703586664,12.4470772931313,12,LO,Lab
E14001272,Hartlepool,858.873969246566,9.74630263629247,9,NE,Lab
E14001273,Harwich and North Essex,409.6351537475,8.6781957184939,8,EE,Con
E14001274,Hastings and Rye,813.427976170978,9.66787079993678,9,SE,Con
E14001275,Havant,1174.17111807707,10.1974269599,10,SE,Con
E14001276,Hayes and Harlington,4159.73133818756,12.0222746376484,12,LO,Lab
E14001277,Hazel Grove,2097.80451093959,11.0346645277639,11,NW,Con
E14001278,Hemel Hempstead,1139.15256804082,10.1537452664891,10,EE,Con
E14001279,Hendon,5869.53003392033,12.5190292777971,12,LO,Con
E14001280,Henley and Thame,297.371411382288,8.21612214637985,8,SE,Con
E14001281,Hereford and South Herefordshire,328.370841657512,8.35918221560011,8,WM,Con
E14001282,Herne Bay and Sandwich,510.169235254023,8.99483209246917,8,SE,Con
E14001283,Hertford and Stortford,648.265564642478,9.34044112990142,9,EE,Con
E14001284,Hertsmere,1668.48649500688,10.7043242938281,10,EE,Con
E14001285,Hexham,161.083343799768,7.33166351522959,7,NE,Con
E14001286,Heywood and Middleton North,2110.59302049412,11.0434326994816,11,NW,Lab
E14001287,High Peak,375.895290753629,8.55418703106961,8,EM,Con
E14001288,Hinckley and Bosworth,603.816951422185,9.23796744909304,9,EM,Con
E14001289,Hitchin,683.46404486261,9.41672163343955,9,EE,Con
E14001290,Holborn and St Pancras,12567.419003997,13.6174007705594,13,LO,Lab
E14001291,Honiton and Sidmouth,156.789497155457,7.29268511077611,7,SW,Con
E14001292,Hornchurch and Upminster,2242.04906126098,11.1306021326821,11,LO,Con
E14001293,Hornsey and Friern Barnet,9345.84812608456,13.1901098776614,13,LO,Lab
E14001294,Horsham,495.973386945489,8.9541189000001,8,SE,Con
E14001295,Houghton and Sunderland South,1412.98345688989,10.4645288594616,10,NE,Lab
E14001296,Hove and Portslade,2423.65513623351,11.2429687158817,11,SE,Lab
E14001297,Huddersfield,1770.61273006336,10.7900329837572,10,YH,Lab
E14001298,Huntingdon,293.136446292703,8.1954285423701,8,EE,Con
E14001299,Hyndburn,1084.21832717331,10.0824395836183,10,NW,Con
E14001300,Ilford North,6049.87990368039,12.5626907883577,12,LO,Lab
E14001301,Ilford South,6796.90348832935,12.7306619222779,12,LO,Lab
E14001302,Ipswich,1486.15642090874,10.5373702550426,10,EE,Con
E14001303,Isle of Wight East,365.49633327631,8.51371312265389,8,SE,Con
E14001304,Isle of Wight West,290.981261012271,8.18478243735792,8,SE,Con
E14001305,Islington North,12147.7081381159,13.5683965312683,13,LO,Lab
E14001306,Islington South and Finsbury,13060.5773732244,13.6729310555361,13,LO,Lab
E14001307,Jarrow and Gateshead East,2650.35024971737,11.3719673123154,11,NE,Lab
E14001308,Keighley and Ilkley,710.448420841947,9.47258610216088,9,YH,Con
E14001309,Kenilworth and Southam,356.030418965481,8.4758566989884,8,WM,Con
E14001310,Kensington and Bayswater,11741.0392840569,13.5192724969917,13,LO,Lab
E14001311,Kettering,649.880727977311,9.3440311556929,9,EM,Con
E14001312,Kingston and Surbiton,4031.8097329482,11.9772118421981,11,LO,LD
E14001313,Kingston upon Hull East,1722.61284184489,10.7503827761767,10,YH,Lab
E14001314,Kingston upon Hull North and Cottingham,2132.79643719966,11.058530560206,11,YH,Lab
E14001315,Kingston upon Hull West and Haltemprice,1745.7260360077,10.7696114533057,10,YH,Con
E14001316,Kingswinford and South Staffordshire,1412.27973579453,10.4638101618492,10,WM,Con
E14001317,Knowsley,2199.84233007854,11.1031844094278,11,NW,Lab
E14001318,Lancaster and Wyre,484.522390316407,8.92041952549159,8,NW,Con
E14001319,Leeds Central and Headingley,3260.80670876032,11.6710132094719,11,YH,Lab
E14001320,Leeds East,1882.49034467153,10.8784267499682,10,YH,Lab
E14001321,Leeds North East,2687.12313569047,11.3918467181009,11,YH,Lab
E14001322,Leeds North West,1429.31149087849,10.4811046429255,10,YH,Con
E14001323,Leeds South,2731.61182845258,11.415536770869,11,YH,Lab
E14001324,Leeds South West and Morley,2325.76851988141,11.1834917994278,11,YH,Con
E14001325,Leeds West and Pudsey,2955.38600195361,11.5291308572766,11,YH,Lab
E14001326,Leicester East,3121.01765198189,11.6078008015971,11,EM,Lab
E14001327,Leicester South,3561.81656789515,11.7983975048068,11,EM,Lab
E14001328,Leicester West,3162.01971664933,11.6266306482545,11,EM,Lab
E14001329,Leigh and Atherton,1743.55152932298,10.7678132871479,10,NW,Con
E14001330,Lewes,488.666349404102,8.9327059507552,8,SE,Con
E14001331,Lewisham East,7030.11964647991,12.779333527575,12,LO,Lab
E14001332,Lewisham North,9652.55362058152,13.236694948119,13,LO,Lab
E14001333,Lewisham West and East Dulwich,9201.87358306597,13.1677119212449,13,LO,Lab
E14001334,Leyton and Wanstead,9494.54161080913,13.2128826345075,13,LO,Lab
E14001335,Lichfield,554.107843837455,9.1140229794571,9,WM,Con
E14001336,Lincoln,1013.36123921915,9.98493283701315,9,EM,Con
E14001337,Liverpool Garston,2425.15897966396,11.2438636099639,11,NW,Lab
E14001338,Liverpool Riverside,3910.6935845386,11.9332087853495,11,NW,Lab
E14001339,Liverpool Walton,3425.78565299621,11.742219171334,11,NW,Lab
E14001340,Liverpool Wavertree,3797.18704854507,11.8907153521895,11,NW,Lab
E14001341,Liverpool West Derby,3772.03332131575,11.8811267051832,11,NW,Lab
E14001342,Loughborough,839.54481631202,9.71346353047645,9,EM,Con
E14001343,Louth and Horncastle,108.999454260616,6.76817710149734,6,EM,Con
E14001344,Lowestoft,591.335419993092,9.20783288446217,9,EE,Con
E14001345,Luton North,2168.80793726041,11.0826865828403,11,EE,Lab
E14001346,Luton South and South Bedfordshire,1891.33900073098,10.8851922575956,10,EE,Lab
E14001347,Macclesfield,705.560184321628,9.46262533981066,9,NW,Con
E14001348,Maidenhead,1021.72234449538,9.99678747835162,9,SE,Con
E14001349,Maidstone and Malling,1161.35168252142,10.1815892024301,10,SE,Con
E14001350,Makerfield,1711.08631893581,10.7406968257632,10,NW,Lab
E14001351,Maldon,393.751321497101,8.62114095521525,8,EE,Con
E14001352,Manchester Central,4497.93691436812,12.1350477114589,12,NW,Lab
E14001353,Manchester Rusholme,5198.81927375381,12.3439682884309,12,NW,Lab
E14001354,Manchester Withington,4753.93784490998,12.2149073256315,12,NW,Lab
E14001355,Mansfield,1132.828370016,10.1457135858179,10,EM,Con
E14001356,Melksham and Devizes,342.018040083673,8.41792861328604,8,SW,Con
E14001357,Melton and Syston,449.585601873993,8.81245202329264,8,EM,Con
E14001358,Meriden and Solihull East,1541.00838920829,10.5896590005292,10,WM,Con
E14001359,Mid Bedfordshire,441.004951643864,8.78465104436011,8,EE,Con
E14001360,Mid Buckinghamshire,314.186333747813,8.29547661845568,8,SE,Con
E14001361,Mid Cheshire,570.390001635162,9.15580488278059,9,NW,Con
E14001362,Mid Derbyshire,1059.3552059326,10.0489706963851,10,EM,Con
E14001363,Mid Dorset and North Poole,856.196055998701,9.74179737966109,9,SW,Con
E14001364,Mid Leicestershire,1515.23891828655,10.5653295760839,10,EM,Con
E14001365,Mid Norfolk,163.993844018617,7.3574978499199,7,EE,Con
E14001366,Mid Sussex,627.345128577097,9.29311553758609,9,SE,Con
E14001367,Middlesbrough and Thornaby East,1948.39703190115,10.9280719752192,10,NE,Lab
E14001368,Middlesbrough South and East Cleveland,772.192971316367,9.59281761236171,9,NE,Con
E14001369,Milton Keynes Central,1458.83888875518,10.5106048483646,10,SE,Con
E14001370,Milton Keynes North,868.817625101754,9.76290956016951,9,SE,Con
E14001371,Mitcham and Morden,7451.98490660653,12.8634090368823,12,LO,Lab
E14001372,Morecambe and Lunesdale,347.024311845389,8.43889292851521,8,NW,Con
E14001373,New Forest East,702.338649628142,9.45602301849928,9,SE,Con
E14001374,New Forest West,376.01467708913,8.55464516590753,8,SE,Con
E14001375,Newark,259.844221751117,8.02150316741169,8,EM,Con
E14001376,Newbury,421.006578598016,8.71769896662122,8,SE,Con
E14001377,Newcastle upon Tyne Central and West,2587.94879155314,11.3375933552756,11,NE,Lab
E14001378,Newcastle upon Tyne East and Wallsend,3118.65516757084,11.6067083261403,11,NE,Lab
E14001379,Newcastle upon Tyne North,2776.00695515284,11.4387954671863,11,NE,Lab
E14001380,Newcastle-under-Lyme,1407.85170040494,10.459279656735,10,WM,Con
E14001381,Newton Abbot,525.697597242487,9.03808933070645,9,SW,Con
E14001382,Newton Aycliffe and Spennymoor,451.119305533711,8.8173652169133,8,NE,Con
E14001383,Normanton and Hemsworth,790.376834500811,9.62639685273911,9,YH,Lab
E14001384,North Bedfordshire,379.447757793615,8.56775745944639,8,EE,Con
E14001385,North Cornwall,100.371281660065,6.64920273263613,6,SW,Con
E14001386,North Cotswolds,260.542644759249,8.02537571716312,8,SW,Con
E14001387,North Devon,179.266492130759,7.48596203964064,7,SW,Con
E14001388,North Dorset,160.434196902921,7.32583787797577,7,SW,Con
E14001389,North Durham,781.255114483546,9.60964991906516,9,NE,Lab
E14001390,North East Cambridgeshire,266.671347474272,8.05891901249852,8,EE,Con
E14001391,North East Derbyshire,905.644616589126,9.8228012240778,9,EM,Con
E14001392,North East Hampshire,653.202169243805,9.35138577178285,9,SE,Con
E14001393,North East Hertfordshire,454.482846230737,8.82808203287425,8,EE,Con
E14001394,North East Somerset and Hanham,1209.32479415555,10.2399860528121,10,SW,Con
E14001395,North Herefordshire,112.639342784598,6.81556701121193,6,WM,Con
E14001396,North Norfolk,122.915854606342,6.94152720708573,6,EE,Con
E14001397,North Northumberland,102.252547013514,6.67599296954811,6,NE,Con
E14001398,North Shropshire,160.283895762895,7.32448567035052,7,WM,Con
E14001399,North Somerset,538.838966831846,9.07371037469206,9,SW,Con
E14001400,North Warwickshire and Bedworth,1027.08072331187,10.004333859254,10,WM,Con
E14001401,North West Cambridgeshire,700.365824834038,9.45196487727925,9,EE,Con
E14001402,North West Essex,264.963798934152,8.04965145259844,8,EE,Con
E14001403,North West Hampshire,384.289901353958,8.58605125449708,8,SE,Con
E14001404,North West Leicestershire,484.277884862189,8.91969131179719,8,EM,Con
E14001405,North West Norfolk,243.09502581277,7.92537656315507,7,EE,Con
E14001406,Northampton North,1747.52789064205,10.7710997659394,10,EM,Con
E14001407,Northampton South,1347.86579715084,10.3964611436274,10,EM,Con
E14001408,Norwich North,1523.61739327887,10.5732849472572,10,EE,Con
E14001409,Norwich South,1637.50391223131,10.6772826381213,10,EE,Lab
E14001410,Nottingham East,3578.59735546327,11.8051785132572,11,EM,Lab
E14001411,Nottingham North and Kimberley,2934.58199599134,11.5189393040935,11,EM,Lab
E14001412,Nottingham South,2826.50411661924,11.4648030828484,11,EM,Lab
E14001413,Nuneaton,1128.94484166881,10.1407592848608,10,WM,Con
E14001414,Old Bexley and Sidcup,4281.92763084245,12.064044697502,12,LO,Con
E14001415,Oldham East and Saddleworth,1995.81885416814,10.9627650684371,10,NW,Lab
E14001416,"Oldham West, Chadderton and Royton",3183.7018390761,11.6364895151956,11,NW,Lab
E14001417,Orpington,2107.58090378947,11.0413722976826,11,LO,Con
E14001418,Ossett and Denby Dale,1001.20382552485,9.96751999324122,9,YH,Con
E14001419,Oxford East,1531.38423387546,10.5806205941217,10,SE,Lab
E14001420,Oxford West and Abingdon,999.245919211893,9.96469596565684,9,SE,LD
E14001421,Peckham,11669.8880045516,13.5105030951745,13,LO,Lab
E14001422,Pendle and Clitheroe,569.666302707703,9.15397325921954,9,NW,Con
E14001423,Penistone and Stocksbridge,803.220910610511,9.64965301787989,9,YH,Con
E14001424,Penrith and Solway,99.6664817199267,6.63903649633321,6,NW,Con
E14001425,Peterborough,1381.97130740714,10.4325119473556,10,EE,Con
E14001426,Plymouth Moor View,1804.87698435143,10.8176847948415,10,SW,Con
E14001427,Plymouth Sutton and Devonport,2095.86480694152,11.0333299439776,11,SW,Lab
E14001428,"Pontefract, Castleford and Knottingley",950.079817364432,9.89190491088007,9,YH,Lab
E14001429,Poole,1756.86930397941,10.7787911558524,10,SW,Con
E14001430,Poplar and Limehouse,11102.391535324,13.4385828565321,13,LO,Lab
E14001431,Portsmouth North,2250.923596422,11.1363013725809,11,SE,Con
E14001432,Portsmouth South,2361.81610233634,11.2056809214649,11,SE,Lab
E14001433,Preston,1669.53997624692,10.7052349230423,10,NW,Lab
E14001434,Putney,8543.4825340404,13.0606085524528,13,LO,Lab
E14001435,Queen's Park and Maida Vale,11172.7716212324,13.4476994980655,13,LO,Lab
E14001436,Rawmarsh and Conisbrough,1134.86148978045,10.1483005115167,10,YH,Lab
E14001437,Rayleigh and Wickford,1342.83322800262,10.3910644263049,10,EE,Con
E14001438,Reading Central,2103.61190451834,11.0386528509501,11,SE,Lab
E14001439,Reading West and Mid Berkshire,823.236203412352,9.68516261872062,9,SE,Con
E14001440,Redcar,838.101309607014,9.71098083708055,9,NE,Con
E14001441,Redditch,763.920166968112,9.57727806790862,9,WM,Con
E14001442,Reigate,1206.02373003281,10.2360425790177,10,SE,Con
E14001443,Ribble Valley,746.665041866924,9.54431737681343,9,NW,Con
E14001444,Richmond and Northallerton,150.314533350481,7.23184069456469,7,YH,Con
E14001445,Richmond Park,5988.10983525942,12.5478849685385,12,LO,LD
E14001446,Rochdale,1617.18200530835,10.6592663403316,10,NW,Lab
E14001447,Rochester and Strood,1292.10128754477,10.3355034516838,10,SE,Con
E14001448,Romford,3444.54328947821,11.7500969939533,11,LO,Con
E14001449,Romsey and Southampton North,727.563272198108,9.50692890654775,9,SE,Con
E14001450,Rossendale and Darwen,746.483018509256,9.5439656311243,9,NW,Con
E14001451,Rother Valley,831.676586863261,9.69987880800015,9,YH,Con
E14001452,Rotherham,1629.9912311191,10.6706484878577,10,YH,Lab
E14001453,Rugby,798.212461868743,9.64062899247243,9,WM,Con
E14001454,"Ruislip, Northwood and Pinner",3489.99473688302,11.7690091454298,11,LO,Con
E14001455,Runcorn and Helsby,786.710888822195,9.61968974177973,9,NW,Lab
E14001456,Runnymede and Weybridge,1278.1228575832,10.3198108044423,10,SE,Con
E14001457,Rushcliffe,994.686697861085,9.9580983731003,9,EM,Con
E14001458,Rutland and Stamford,185.520915692602,7.53543803573111,7,EM,Con
E14001459,Salford,3756.99056290415,11.8753617767747,11,NW,Lab
E14001460,Salisbury,272.552909194132,8.09039250928841,8,SW,Con
E14001461,Scarborough and Whitby,339.484863843751,8.40720344217004,8,YH,Con
E14001462,Scunthorpe,603.920542408264,9.23821493698345,9,YH,Con
E14001463,Sefton Central,955.495673163599,9.90010552993763,9,NW,Lab
E14001464,Selby,330.612514546441,8.36899752521069,8,YH,Con
E14001465,Sevenoaks,657.785737443827,9.36147391679551,9,SE,Con
E14001466,Sheffield Brightside and Hillsborough,2644.77644116255,11.3689300633881,11,YH,Lab
E14001467,Sheffield Central,3295.28057888434,11.6861855943663,11,YH,Lab
E14001468,Sheffield Hallam,2138.31266953154,11.0622571076931,11,YH,Lab
E14001469,Sheffield Heeley,2740.11408157677,11.4200202440884,11,YH,Lab
E14001470,Sheffield South East,2018.31438052689,10.9789351964213,10,YH,Lab
E14001471,Sherwood Forest,611.671119581003,9.25661234974628,9,EM,Con
E14001472,Shipley,1731.36518894084,10.7576943425303,10,YH,Con
E14001473,Shrewsbury,535.372956697963,9.0644004557181,9,WM,Con
E14001474,Sittingbourne and Sheppey,535.131244763401,9.06374895595795,9,SE,Con
E14001475,Skipton and Ripon,136.878543794809,7.09675250644479,7,YH,Con
E14001476,Sleaford and North Hykeham,262.399951428576,8.03562364268134,8,EM,Con
E14001477,Slough,1976.39932535826,10.9486587530979,10,SE,Lab
E14001478,Smethwick,4260.94169352573,12.0569565945596,12,WM,Lab
E14001479,Solihull West and Shirley,2675.63036392185,11.3856631073041,11,WM,Con
E14001480,South Basildon and East Thurrock,1175.59736512481,10.1991783152444,10,EE,Con
E14001481,South Cambridgeshire,372.776146018545,8.54216573452603,8,EE,Con
E14001482,South Cotswolds,178.428261435931,7.47920033308387,7,SW,Con
E14001483,South Derbyshire,746.622211744702,9.54423461871743,9,EM,Con
E14001484,South Devon,232.534151960291,7.86129880812615,7,SW,Con
E14001485,South Dorset,325.246190610329,8.34538834950098,8,SW,Con
E14001486,South East Cornwall,236.565049869136,7.88609313536707,7,SW,Con
E14001487,South Holland and The Deepings,219.546035854766,7.77837967502805,7,EM,Con
E14001488,South Leicestershire,637.919331098104,9.31723018745932,9,EM,Con
E14001489,South Norfolk,285.559974189793,8.15764996646439,8,EE,Con
E14001490,South Northamptonshire,267.553472447238,8.06368344287734,8,EM,Con
E14001491,South Ribble,1081.11796243479,10.0783082309861,10,NW,Con
E14001492,South Shields,1941.87007285776,10.9232309604375,10,NE,Lab
E14001493,South Shropshire,99.2561895194291,6.63308516500754,6,WM,Con
E14001494,South Suffolk,238.107344613028,7.89546831216109,7,EE,Con
E14001495,South West Devon,641.395849623705,9.32507120812137,9,SW,Con
E14001496,South West Hertfordshire,1584.33812299033,10.6296645470396,10,EE,Con
E14001497,South West Norfolk,141.830726686662,7.1480263065292,7,EE,Con
E14001498,South West Wiltshire,402.085311009693,8.65135782230555,8,SW,Con
E14001499,Southampton Itchen,2582.3839832515,11.3344878203749,11,SE,Con
E14001500,Southampton Test,2530.70863034817,11.3053256989659,11,SE,Lab
E14001501,Southend East and Rochford,1269.94413657074,10.310549320506,10,EE,Con
E14001502,Southend West and Leigh,1975.25728982689,10.9478248703981,10,EE,Con
E14001503,Southgate and Wood Green,7225.27537254217,12.8188368578851,12,LO,Lab
E14001504,Southport,726.901899614578,9.50561686548868,9,NW,Con
E14001505,Spelthorne,2215.26597326583,11.1132642093003,11,SE,Con
E14001506,Spen Valley,2022.54962437198,10.9819593850711,10,YH,Con
E14001507,St Albans,1290.16288825217,10.3333375078597,10,EE,LD
E14001508,St Austell and Newquay,275.496710646335,8.10589128329874,8,SW,Con
E14001509,St Helens North,1434.76013416834,10.4865938493184,10,NW,Lab
E14001510,St Helens South and Whiston,1723.93749766474,10.7514917543074,10,NW,Lab
E14001511,St Ives,162.016664414739,7.33999840061329,7,SW,Con
E14001512,St Neots and Mid Cambridgeshire,387.288170041649,8.5972636237955,8,EE,Con
E14001513,Stafford,468.076817534626,8.87060150416012,8,WM,Con
E14001514,Staffordshire Moorlands,406.432359051676,8.66687145995787,8,WM,Con
E14001515,Stalybridge and Hyde,2022.3982044591,10.9818513724259,10,NW,Lab
E14001516,Stevenage,1068.30130048848,10.0611028824518,10,EE,Con
E14001517,Stockport,3887.58927234601,11.9246600894982,11,NW,Lab
E14001518,Stockton North,1427.30074868202,10.479073643944,10,NE,Lab
E14001519,Stockton West,1038.15806378525,10.0198104012658,10,NE,Con
E14001520,Stoke-on-Trent Central,2034.2036644421,10.9902484136959,10,WM,Con
E14001521,Stoke-on-Trent North,1607.7186911049,10.6507992792064,10,WM,Con
E14001522,Stoke-on-Trent South,1107.21421154016,10.1127186504399,10,WM,Con
E14001523,"Stone, Great Wyrley and Penkridge",610.569449180014,9.25401159356906,9,WM,Con
E14001524,Stourbridge,2292.3764453162,11.1626282620884,11,WM,Con
E14001525,Stratford and Bow,10982.7543871557,13.4229522956737,13,LO,Lab
E14001526,Stratford-on-Avon,239.804698360538,7.90571611472806,7,WM,Con
E14001527,Streatham and Croydon North,9015.59999021429,13.1382077911953,13,LO,Lab
E14001528,Stretford and Urmston,2946.18178933988,11.5246307369257,11,NW,Lab
E14001529,Stroud,355.288041415335,8.47284531981414,8,SW,Con
E14001530,Suffolk Coastal,212.748105594432,7.73300247533256,7,EE,Con
E14001531,Sunderland Central,1741.44443382562,10.7660687246708,10,NE,Lab
E14001532,Surrey Heath,1216.39414971217,10.2483950674707,10,SE,Con
E14001533,Sussex Weald,274.6140979352,8.10126188117058,8,SE,Con
E14001534,Sutton and Cheam,4704.1982040659,12.1997331318259,12,LO,Con
E14001535,Sutton Coldfield,2108.50477535877,11.0420045737103,11,WM,Con
E14001536,Swindon North,1348.01178296445,10.3966173918273,10,SW,Con
E14001537,Swindon South,1542.28310099605,10.5908518948666,10,SW,Con
E14001538,Tamworth,866.096072569781,9.75838325598809,9,WM,Con
E14001539,Tatton,592.146613771219,9.20981061693429,9,NW,Con
E14001540,Taunton and Wellington,531.907341683536,9.05503113975623,9,SW,Con
E14001541,Telford,955.438375364693,9.9000190138693,9,WM,Con
E14001542,Tewkesbury,616.212987434236,9.26728527901585,9,SW,Con
E14001543,The Wrekin,439.369376100531,8.77929050767529,8,WM,Con
E14001544,Thirsk and Malton,87.5828259532344,6.45257609552221,6,YH,Con
E14001545,Thornbury and Yate,509.174956689293,8.9920176531054,8,SW,Con
E14001546,Thurrock,1532.71904857431,10.5818775561043,10,EE,Con
E14001547,Tipton and Wednesbury,3706.29568087505,11.8557622659506,11,WM,Con
E14001548,Tiverton and Minehead,130.616743826724,7.0291960383238,7,SW,Con
E14001549,Tonbridge,470.225919068147,8.87721025296917,8,SE,Con
E14001550,Tooting,9698.18129969969,13.2434985086719,13,LO,Lab
E14001551,Torbay,1000.49747080631,9.96650180486946,9,SW,Con
E14001552,Torridge and Tavistock,118.62544341962,6.89026966979743,6,SW,Con
E14001553,Tottenham,10423.7959224832,13.3475931237002,13,LO,Lab
E14001554,Truro and Falmouth,280.540860067741,8.13206710080143,8,SW,Con
E14001555,Tunbridge Wells,613.066021935826,9.25989863790032,9,SE,Con
E14001556,Twickenham,4527.38020413658,12.144460752191,12,LO,LD
E14001557,Tynemouth,1880.15215361434,10.8766337031514,10,NE,Lab
E14001558,Uxbridge and South Ruislip,3249.78859515086,11.6661301558347,11,LO,Con
E14001559,Vauxhall and Camberwell Green,12370.7963786586,13.5946507573544,13,LO,Lab
E14001560,Wakefield and Rothwell,1561.54172769197,10.6087554063932,10,YH,Con
E14001561,Wallasey,2176.56925679305,11.0878402109869,11,NW,Lab
E14001562,Walsall and Bloxwich,2930.72266747727,11.5170407377849,11,WM,Con
E14001563,Walthamstow,9215.1342092139,13.1697894620815,13,LO,Lab
E14001564,Warrington North,1423.0650529294,10.4747858983139,10,NW,Lab
E14001565,Warrington South,1369.42473777804,10.4193542637992,10,NW,Lab
E14001566,Warwick and Leamington,961.036435366475,9.90844731809537,9,WM,Lab
E14001567,Washington and Gateshead South,1837.99352289037,10.8439159672246,10,NE,Lab
E14001568,Watford,2026.18624371424,10.9845510750566,10,EE,Con
E14001569,Waveney Valley,117.422811248955,6.87556889191028,6,EE,Con
E14001570,Weald of Kent,220.329303318257,7.78351757287759,7,SE,Con
E14001571,Wellingborough and Rushden,770.941914244564,9.59047835576699,9,EM,Con
E14001572,Wells and Mendip Hills,212.074836261746,7.72842963782798,7,SW,Con
E14001573,Welwyn Hatfield,982.893961334636,9.94089197082837,9,EE,Con
E14001574,West Bromwich,3794.78493959774,11.8898024113127,11,WM,Con
E14001575,West Dorset,157.733202986743,7.30134257052634,7,SW,Con
E14001576,West Ham and Beckton,9508.81891217446,13.2150504401151,13,LO,Lab
E14001577,West Lancashire,683.300195736658,9.41637572985856,9,NW,Lab
E14001578,West Suffolk,226.537499711223,7.82360607523129,7,EE,Con
E14001579,West Worcestershire,251.879544183095,7.97659015145018,7,WM,Con
E14001580,Westmorland and Lonsdale,105.558529386393,6.72189934644452,6,NW,Con
E14001581,Weston-super-Mare,844.506844350936,9.72196530524797,9,SW,Con
E14001582,Wetherby and Easingwold,193.070032419323,7.59298044191844,7,YH,Con
E14001583,Whitehaven and Workington,297.561774202332,8.21704539461167,8,NW,Con
E14001584,Widnes and Halewood,1609.33763611449,10.6522513172787,10,NW,Lab
E14001585,Wigan,1519.17842956037,10.5690756109367,10,NW,Lab
E14001586,Wimbledon,6587.13531788088,12.6854354720156,12,LO,Con
E14001587,Winchester,407.236765476218,8.66972400407597,8,SE,Con
E14001588,Windsor,1246.18578781003,10.2833034534824,10,SE,Con
E14001589,Wirral West,1115.38496264259,10.1233260108096,10,NW,Lab
E14001590,Witham,384.077727930981,8.58525449643167,8,EE,Con
E14001591,Witney,259.583289580634,8.02005370402434,8,SE,Con
E14001592,Woking,1221.87924504409,10.2548859992915,10,SE,Con
E14001593,Wokingham,1093.5873494476,10.0948527438061,10,SE,Con
E14001594,Wolverhampton North East,2752.52395085167,11.4265394019938,11,WM,Con
E14001595,Wolverhampton South East,3502.25256727896,11.7740674131,11,WM,Lab
E14001596,Wolverhampton West,2390.22795912179,11.2229325011156,11,WM,Con
E14001597,Worcester,1084.05169266451,10.0822178374541,10,WM,Con
E14001598,Worsley and Eccles,2185.58054818192,11.0938008333742,11,NW,Lab
E14001599,Worthing West,1294.61890770273,10.3383117641332,10,SE,Con
E14001600,Wycombe,1058.57990621762,10.0479144590174,10,SE,Con
E14001601,Wyre Forest,674.328071443519,9.39730684630086,9,WM,Con
E14001602,Wythenshawe and Sale East,3224.82052128667,11.655003153646,11,NW,Lab
E14001603,Yeovil,339.744290928348,8.40830549788715,8,SW,Con
E14001604,York Central,1525.95288432176,10.5754947025326,10,YH,Lab
E14001605,York Outer,871.333426010759,9.76708107852331,9,YH,Con
N05000001,Belfast East,1806.52405639,10.8190007510591,10,NI,DUP
N05000002,Belfast North,1705.60240451021,10.7360656617441,10,NI,SF
N05000003,Belfast South and Mid Down,1750.45566371496,10.7735148056981,10,NI,SDLP
N05000004,Belfast West,1986.75863528142,10.9562008996586,10,NI,SF
N05000005,East Antrim,255.374795793203,7.99647233510327,7,NI,DUP
N05000006,East Londonderry,138.579370874722,7.11456870156587,7,NI,DUP
N05000007,Fermanagh and South Tyrone,79.8506759264982,6.31923271481792,6,NI,SF
N05000008,Foyle,707.884349715404,9.46736986968655,9,NI,SDLP
N05000009,Lagan Valley,447.264052042429,8.80498299903561,8,NI,DUP
N05000010,Mid Ulster,126.650575558307,6.98470982310804,6,NI,SF
N05000011,Newry and Armagh,172.824870114125,7.43316703116825,7,NI,SF
N05000012,North Antrim,158.211612838738,7.30571168825783,7,NI,DUP
N05000013,North Down,680.783172552947,9.41105156702415,9,NI,All
N05000014,South Antrim,276.663533655358,8.11198868814396,8,NI,DUP
N05000015,South Down,121.795404159611,6.92831588524202,6,NI,SF
N05000016,Strangford,193.810359329759,7.59850187587469,7,NI,DUP
N05000017,Upper Bann,418.046405138113,8.70751928697727,8,NI,DUP
N05000018,West Tyrone,90.7822946549913,6.50433904984677,6,NI,SF
S14000021,East Renfrewshire,1587.27564807201,10.6323369746336,10,SCOT,SNP
S14000027,Na h-Eileanan an Iar,18.2270361936979,4.18800808598059,4,SCOT,SNP
S14000045,Midlothian,630.915249294011,9.30130241109176,9,SCOT,SNP
S14000048,North Ayrshire and Arran,244.687707440064,7.93479781525937,7,SCOT,SNP
S14000051,Orkney and Shetland,24.8706003512544,4.63636942806839,4,SCOT,LD
S14000060,Aberdeen North,1454.21409552283,10.5060239691954,10,SCOT,SNP
S14000061,Aberdeen South,1321.44627369689,10.3679020548957,10,SCOT,SNP
S14000062,Aberdeenshire North and Moray East,103.514973247279,6.69369565573302,6,SCOT,Con
S14000063,Airdrie and Shotts,862.914136296018,9.75307320189879,9,SCOT,SNP
S14000064,Alloa and Grangemouth,602.980171120723,9.23596674994957,9,SCOT,SNP
S14000065,Angus and Perthshire Glens,94.4577596691382,6.56159741321987,6,SCOT,SNP
S14000066,Arbroath and Broughty Ferry,441.38039079481,8.78587872620808,8,SCOT,SNP
S14000067,"Argyll, Bute and South Lochaber",45.6179636082236,5.51153014088222,5,SCOT,SNP
S14000068,Bathgate and Linlithgow,506.52789746805,8.98449791868358,8,SCOT,SNP
S14000069,"Caithness, Sutherland and Easter Ross",43.1025250810942,5.42970048427746,5,SCOT,SNP
S14000070,Coatbridge and Bellshill,1602.50176263196,10.6461102283635,10,SCOT,SNP
S14000071,Cowdenbeath and Kirkcaldy,532.895374825866,9.0577085013025,9,SCOT,SNP
S14000072,Cumbernauld and Kirkintilloch,780.123757511768,9.60755919860316,9,SCOT,SNP
S14000073,Dumfries and Galloway,97.8711438285797,6.61281165551345,6,SCOT,Con
S14000074,"Dumfriesshire, Clydesdale and Tweeddale",50.9774586632338,5.67178754856649,5,SCOT,Con
S14000075,Dundee Central,1203.37850197664,10.2328747734257,10,SCOT,SNP
S14000076,Dunfermline and Dollar,560.09276133722,9.12952197272813,9,SCOT,SNP
S14000077,East Kilbride and Strathaven,949.013659729854,9.8902850427563,9,SCOT,SNP
S14000078,Edinburgh East and Musselburgh,2537.83171608615,11.3093806917382,11,SCOT,SNP
S14000079,Edinburgh North and Leith,3079.58257272784,11.5885190962744,11,SCOT,SNP
S14000080,Edinburgh South,2920.44066960759,11.5119703605792,11,SCOT,Lab
S14000081,Edinburgh South West,2348.91680070089,11.1977798982498,11,SCOT,SNP
S14000082,Edinburgh West,1917.2134191337,10.9047952276087,10,SCOT,LD
S14000083,Falkirk,714.418934841433,9.48062650769163,9,SCOT,SNP
S14000084,Glasgow East,2973.99968747646,11.5381887804464,11,SCOT,SNP
S14000085,Glasgow North,3450.27501241642,11.7524956445925,11,SCOT,SNP
S14000086,Glasgow North East,2755.06118272043,11.4278686423069,11,SCOT,SNP
S14000087,Glasgow South,3170.51506246513,11.6305015154693,11,SCOT,SNP
S14000088,Glasgow South West,3132.72577512166,11.613202772792,11,SCOT,SNP
S14000089,Glasgow West,3059.9482795255,11.5792915527752,11,SCOT,SNP
S14000090,Glenrothes and Mid Fife,476.564326298104,8.89652715095661,8,SCOT,SNP
S14000091,Gordon and Buchan,85.3041364237669,6.41454379485259,6,SCOT,Con
S14000092,Hamilton and Clyde Valley,754.275121572889,9.55894703174674,9,SCOT,SNP
S14000093,Inverclyde and Renfrewshire West,457.207096969156,8.83670398764632,8,SCOT,SNP
S14000094,"Inverness, Skye and West Ross-shire",153.68909288336,7.26387097223059,7,SCOT,SNP
S14000095,Livingston,709.499260471053,9.47065737030396,9,SCOT,SNP
S14000096,Lothian East,239.779943382777,7.90556717799999,7,SCOT,SNP
S14000097,Mid Dunbartonshire,1365.63329085718,10.4153544180065,10,SCOT,SNP
S14000098,"Moray West, Nairn and Strathspey",94.7705271602661,6.56636655769474,6,SCOT,SNP
S14000099,"Motherwell, Wishaw and Carluke",893.528732135481,9.80337031080748,9,SCOT,SNP
S14000100,North East Fife,176.707033057483,7.46521565102945,7,SCOT,SNP
S14000101,Paisley and Renfrewshire North,1959.60016787769,10.9363436049902,10,SCOT,SNP
S14000102,Paisley and Renfrewshire South,1195.10193679944,10.2229179634898,10,SCOT,SNP
S14000103,Perth and Kinross-shire,249.083353386597,7.96048479710579,7,SCOT,SNP
S14000104,Rutherglen,2277.35181218539,11.1531414652401,11,SCOT,SNP
S14000105,Stirling and Strathallan,209.443659042307,7.71041839669725,7,SCOT,SNP
S14000106,West Dunbartonshire,825.530566130384,9.68917782319107,9,SCOT,SNP
S14000107,"Ayr, Carrick and Cumnock",195.792569831378,7.61318220665291,7,SCOT,SNP
S14000108,"Berwickshire, Roxburgh and Selkirk",75.0744935228599,6.23025093180901,6,SCOT,Con
S14000109,Central Ayrshire,452.914465770056,8.82309480856535,8,SCOT,SNP
S14000110,Kilmarnock and Loudoun,320.1235645996,8.32248506871912,8,SCOT,SNP
S14000111,West Aberdeenshire and Kincardine,97.5073925895977,6.60743969680648,6,SCOT,Con
W07000081,Aberafan Maesteg,460.274428446987,8.84635048248315,8,WLS,Lab
W07000082,Alyn and Deeside,576.786638381199,9.17189393381868,9,WLS,Lab
W07000083,Bangor Aberconwy,201.930545664128,7.65771535079053,7,WLS,Con
W07000084,Blaenau Gwent and Rhymney,548.378053160773,9.09902702341977,9,WLS,Lab
W07000085,"Brecon, Radnor and Cwm Tawe",82.6116631209422,6.36827357070784,6,WLS,Con
W07000086,Bridgend,585.745321409583,9.1941297155065,9,WLS,Con
W07000087,Caerfyrddin,90.8092862267893,6.50476793104134,6,WLS,Con
W07000088,Caerphilly,918.480016012468,9.84310452176638,9,WLS,Lab
W07000089,Cardiff East,2275.74849398826,11.1521254106171,11,WLS,Lab
W07000090,Cardiff North,2300.36227245967,11.1676453664944,11,WLS,Lab
W07000091,Cardiff South and Penarth,1977.55871198141,10.9495048123447,10,WLS,Lab
W07000092,Cardiff West,1852.61085824742,10.8553441591006,10,WLS,Lab
W07000093,Ceredigion Preseli,63.503761738165,5.98877014945332,5,WLS,PC
W07000094,Clwyd East,254.266477350889,7.99019745853656,7,WLS,Con
W07000095,Clwyd North,369.10020470136,8.52786872747083,8,WLS,Con
W07000096,Dwyfor Meirionnydd,60.9578484534951,5.92974007776697,5,WLS,PC
W07000097,Gower,707.839085519633,9.46727761659648,9,WLS,Lab
W07000098,Llanelli,359.314822761636,8.48910464162916,8,WLS,Lab
W07000099,Merthyr Tydfil and Aberdare,555.526195082967,9.11771113131758,9,WLS,Lab
W07000100,Mid and South Pembrokeshire,146.285839759373,7.19264631538481,7,WLS,Con
W07000101,Monmouthshire,178.904293701745,7.48304420225051,7,WLS,Con
W07000102,Montgomeryshire and Glyndŵr,106.166269624787,6.73018166613713,6,WLS,Con
W07000103,Neath and Swansea East,690.350983723774,9.43118622374547,9,WLS,Lab
W07000104,Newport East,1187.31198973456,10.2134833661462,10,WLS,Lab
W07000105,Newport West and Islwyn,929.151749452761,9.8597704271838,9,WLS,Lab
W07000106,Pontypridd,712.022825757442,9.47577968107766,9,WLS,Lab
W07000107,Rhondda and Ogmore,579.799591695723,9.17941050720514,9,WLS,Lab
W07000108,Swansea West,1428.70284837194,10.4804901704737,10,WLS,Lab
W07000109,Torfaen,730.759839400458,9.51325353927123,9,WLS,Lab
W07000110,Vale of Glamorgan,493.566234891404,8.94709989216133,8,WLS,Con
W07000111,Wrexham,616.126840197117,9.2670835746009,9,WLS,Con
W07000112,Ynys Môn,104.735792481732,6.71061074390161,6,WLS,Con
